time,anode_En,cathode_En
1,7.5822526790554e-05,-7.3214804075819e-05
