time,anode_En,cathode_En
1,7.8879558912196e-05,-7.4906687232908e-05
