time,anode_En,cathode_En
1,8.0917168920604e-05,-7.7263109704825e-05
